count;date;ip;url;count_page;userID;adblock;tokenid;screen_size;exercise_input;exercise_type;exercise_score
270;"2021-01-03 10:08:28";212f2610bcc25326cb6ea19f9ffbbe86;https://www.esercizinglese.com/lezioni-inglesi/esercizi/12/1/alcune-preposizioni-semplici;208;89275;0;60f74253-bb15-478e-8870-27fc1adabcb6;1349;|with|of|about|to|from|with;grammar_exercise;86
1269;"2021-01-03 10:54:17";d173ba1133b586a2f4a9fbeb05fb9f72;https://www.esercizinglese.com/lezioni-inglesi/esercizi/88/1/pronomi-e-gli-aggettivi-escamativi;496;89433;0;efad7f4c-f549-4099-9e25-861fc19ac9c2;1349;|what|how|how|what|how|what;grammar_exercise;86
1281;"2021-01-03 10:54:45";5752856995bbcb2c3f1278b3aa3b0f3c;https://www.esercizinglese.com/lezioni-inglesi/esercizi/5/2/l-articolo;29;89702;0;8024d0e9-eff1-4fa9-8a79-0d31607ee3bc;1349;"|the|the|a|the |a|a|the |an|a";grammar_exercise;60
1302;"2021-01-03 10:56:05";d173ba1133b586a2f4a9fbeb05fb9f72;https://www.esercizinglese.com/lezioni-inglesi/esercizi-crocette/88/2/pronomi-e-gli-aggettivi-escama;498;89433;0;efad7f4c-f549-4099-9e25-861fc19ac9c2;1349;2|1|2|2|2|2|2;grammar_exercise;43
1366;"2021-01-03 10:57:40";2b7bd27b202fa697ab022cefd3b0278d;https://www.esercizinglese.com/lezioni-inglesi/esercizi/58/1/present-perfect-simple;17;89957;0;5c248a5d-4d0d-458a-9dc4-86680f279bf0;393;"|i have had toast beef|i have bene in corsica.|no, i have' t been ti the tate gallery yet.|yes i have done them.|yes, he has come yet.";grammar_exercise;80
1413;"2021-01-03 10:59:36";ec17e1a3e06470897598cc6f636754ab;https://www.esercizinglese.com/lezioni-inglesi/esercizi/1/1/l-infinito;6;89181;0;d457fac3-49a2-4438-8880-a7b5a18c2ec2;1264;"|he has an english teacher|they go at school every morning at 8.|we are your friends , don't worry!|they are happy today?|i go late for class|bob goes in budapest for work|the park is closed on weekends|you are ready?";grammar_exercise;71
1502;"2021-01-03 11:03:56";5752856995bbcb2c3f1278b3aa3b0f3c;https://www.esercizinglese.com/lezioni-inglesi/esercizi/5/3/l-articolo;31;89702;0;8024d0e9-eff1-4fa9-8a79-0d31607ee3bc;1349;|a|the|a|a|the|a|a|a|the;grammar_exercise;90
1532;"2021-01-03 11:05:29";ec17e1a3e06470897598cc6f636754ab;https://www.esercizinglese.com/lezioni-inglesi/esercizi/1/2/l-infinito;10;89181;0;d457fac3-49a2-4438-8880-a7b5a18c2ec2;1264;"|david and janet are not at the cinema , they are at home|my pc in not old , he is new|you are not thin, you are fat.|my name is not bill. it is bully.|she is not english, she is french |ronald and i are not friends, we are brothers";grammar_exercise;80
1549;"2021-01-03 11:06:16";2b7bd27b202fa697ab022cefd3b0278d;https://www.esercizinglese.com/lezioni-inglesi/esercizi/58/1/present-perfect-simple;19;89957;0;5c248a5d-4d0d-458a-9dc4-86680f279bf0;393;"|i have had roast beef.|i have been in corsica.|no, i have not been yet.|yes i have done it.|yes, he has come. ";grammar_exercise;80
1565;"2021-01-03 11:07:00";5752856995bbcb2c3f1278b3aa3b0f3c;https://www.esercizinglese.com/lezioni-inglesi/esercizi/5/4/l-articolo;33;89702;0;8024d0e9-eff1-4fa9-8a79-0d31607ee3bc;1349;|the|a|a|a|a|a;grammar_exercise;43
1637;"2021-01-03 11:11:24";ec17e1a3e06470897598cc6f636754ab;https://www.esercizinglese.com/lezioni-inglesi/esercizi/1/3/l-infinito;12;89181;0;d457fac3-49a2-4438-8880-a7b5a18c2ec2;1264;"|to do|to get|to call|to go|to not  waste |not to be |to go|to not buy|to not eat";grammar_exercise;68
1657;"2021-01-03 11:12:23";5752856995bbcb2c3f1278b3aa3b0f3c;https://www.esercizinglese.com/lezioni-inglesi/esercizi/5/5/l-articolo;35;89702;0;8024d0e9-eff1-4fa9-8a79-0d31607ee3bc;1349;|a|the|a|the|the|a;grammar_exercise;57
1667;"2021-01-03 11:12:50";ec17e1a3e06470897598cc6f636754ab;https://www.esercizinglese.com/lezioni-inglesi/esercizi/1/4/l-infinito;14;89181;0;d457fac3-49a2-4438-8880-a7b5a18c2ec2;1264;"|to made|to come|to be|to had|to dut|to found|to brought|to bought|to know";grammar_exercise;60
1768;"2021-01-03 11:16:06";5752856995bbcb2c3f1278b3aa3b0f3c;https://www.esercizinglese.com/lezioni-inglesi/esercizi/5/3/l-articolo;37;89702;0;8024d0e9-eff1-4fa9-8a79-0d31607ee3bc;1349;|a|the|a|a|the|the|a|a|an;grammar_exercise;90
1860;"2021-01-03 11:19:22";7ac032059da2c3f093a1968340c2d20e;https://www.esercizinglese.com/lezioni-inglesi/esercizi/1/5/l-infinito;5;89983;0;349c4866-62a3-4cd0-883a-d0d01db214ea;1583;"|let me to call|obbliged to do|tell me not to|not to cross";grammar_exercise;38
1915;"2021-01-03 11:21:11";7ac032059da2c3f093a1968340c2d20e;https://www.esercizinglese.com/lezioni-inglesi/esercizi/1/4/l-infinito;7;89983;0;349c4866-62a3-4cd0-883a-d0d01db214ea;1583;"|to make|to came|to be|to have|to cut|to find|to bright|to buy|to know";grammar_exercise;80
1985;"2021-01-03 11:23:29";7ac032059da2c3f093a1968340c2d20e;https://www.esercizinglese.com/lezioni-inglesi/esercizi/1/3/l-infinito;9;89983;0;349c4866-62a3-4cd0-883a-d0d01db214ea;1583;"|to do|to get|to call|to go|not to waste|not to be|to go|to buy|not to eat";grammar_exercise;76
2064;"2021-01-03 11:26:46";7ac032059da2c3f093a1968340c2d20e;https://www.esercizinglese.com/lezioni-inglesi/esercizi/1/2/l-infinito;11;89983;0;349c4866-62a3-4cd0-883a-d0d01db214ea;1583;"|david and janet are at the cinema, they aren't at home.|my pc is old. it isn't new.|you are thin. you aren't fat|my name isn't bill. it is billy|she is english. she isn't french|ronald and i are friends. they aren't brothers";grammar_exercise;58
2155;"2021-01-03 11:31:55";2b7bd27b202fa697ab022cefd3b0278d;https://www.esercizinglese.com/lezioni-inglesi/esercizi/58/2/present-perfect-simple;21;89957;0;5c248a5d-4d0d-458a-9dc4-86680f279bf0;393;"|haven't been|haven't done|hasn't gone|hasn't published |haven't passed";grammar_exercise;83
2211;"2021-01-03 11:34:06";5752856995bbcb2c3f1278b3aa3b0f3c;https://www.esercizinglese.com/lezioni-inglesi/esercizi/5/6/l-articolo;39;89702;0;8024d0e9-eff1-4fa9-8a79-0d31607ee3bc;1349;|the|a|a|x|the|a|x|x|the;grammar_exercise;50
2273;"2021-01-03 11:36:44";7ac032059da2c3f093a1968340c2d20e;https://www.esercizinglese.com/lezioni-inglesi/esercizi-crocette/24/1/l-uso-dell-articolo-determinat;19;89983;0;349c4866-62a3-4cd0-883a-d0d01db214ea;1583;2|1|1|2|3|2|1|2;grammar_exercise;100
2305;"2021-01-03 11:37:49";7ac032059da2c3f093a1968340c2d20e;https://www.esercizinglese.com/lezioni-inglesi/esercizi-crocette/24/2/l-uso-dell-articolo-determinat;21;89983;0;349c4866-62a3-4cd0-883a-d0d01db214ea;1583;2|1|2|2|1|1|1;grammar_exercise;71
2327;"2021-01-03 11:38:24";5752856995bbcb2c3f1278b3aa3b0f3c;https://www.esercizinglese.com/lezioni-inglesi/esercizi/5/7/l-articolo;41;89702;0;8024d0e9-eff1-4fa9-8a79-0d31607ee3bc;1349;|an|x|the|a|a|the|x|x;grammar_exercise;44
2340;"2021-01-03 11:38:48";821702d03a7e4634ce2474889f12b932;https://www.esercizinglese.com/lezioni-inglesi/esercizi/1/3/l-infinito;26;89990;0;b86810cd-a699-468c-ba56-33492b55b5c3;1349;"|to do|to get|to call|to go|to not waste|to not  be|to go|to buy|to eat";grammar_exercise;80
2355;"2021-01-03 11:39:31";ec52f543181e29409f9cb596adbbb2eb;https://www.esercizinglese.com/lezioni-inglesi/esercizi-crocette/24/1/l-uso-dell-articolo-determinat;19;89985;0;952778ca-57e6-47a6-bedd-b17fca49735f;1903;2|1|1|2|3|1|1|2;grammar_exercise;88
2378;"2021-01-03 11:40:39";ec52f543181e29409f9cb596adbbb2eb;https://www.esercizinglese.com/lezioni-inglesi/esercizi-crocette/24/2/l-uso-dell-articolo-determinat;22;89985;0;952778ca-57e6-47a6-bedd-b17fca49735f;1903;2|2|1|1|1|1|1;grammar_exercise;57
2379;"2021-01-03 11:40:40";7ac032059da2c3f093a1968340c2d20e;https://www.esercizinglese.com/lezioni-inglesi/esercizi-crocette/25/1/l-uso-dell-articolo-sostantivi;25;89983;0;349c4866-62a3-4cd0-883a-d0d01db214ea;1583;1|1|2|3|1|3|3|1;grammar_exercise;88
2420;"2021-01-03 11:41:52";7ac032059da2c3f093a1968340c2d20e;https://www.esercizinglese.com/lezioni-inglesi/esercizi/25/2/l-uso-dell-articolo-sostantivi-geografi;27;89983;0;349c4866-62a3-4cd0-883a-d0d01db214ea;1583;|the|x|x|the|the|the|x|the|the;grammar_exercise;60
2488;"2021-01-03 11:45:43";7ac032059da2c3f093a1968340c2d20e;https://www.esercizinglese.com/lezioni-inglesi/esercizi/26/4/ancora-uso-dell-articolo-determinativo;31;89983;0;349c4866-62a3-4cd0-883a-d0d01db214ea;1583;|x|x|x|the|x|the|x;grammar_exercise;62
2520;"2021-01-03 11:47:33";7ac032059da2c3f093a1968340c2d20e;https://www.esercizinglese.com/lezioni-inglesi/esercizi/26/5/ancora-uso-dell-articolo-determinativo;33;89983;0;349c4866-62a3-4cd0-883a-d0d01db214ea;1583;|x|x|a|a|x|the|x;grammar_exercise;62
2529;"2021-01-03 11:47:59";a4ba3ce181fa943536e1d85b796e2d91;https://www.esercizinglese.com/lezioni-inglesi/esercizi/1/1/l-infinito;10;89909;0;752e1ab7-2ab9-47c1-a2c7-5e10dcb00d42;980;"|he is an english teacher|they are at school every morning at 8.|we are your friends, don't worry|are they happy today? qll|i am late for class|bob is in budapest for work|the park is closed on weekends|are you ready? ";grammar_exercise;89
2590;"2021-01-03 11:52:20";2b7bd27b202fa697ab022cefd3b0278d;https://www.esercizinglese.com/lezioni-inglesi/esercizi/58/3/present-perfect-simple;25;89957;0;5c248a5d-4d0d-458a-9dc4-86680f279bf0;393;"|this parcel has just arrived .|have you readed that book recently?|there have been remarkable improvements in this research already. branch |have you listened to any good records recently?|i have finisched ti mark exam papers just in this moment";grammar_exercise;70
2605;"2021-01-03 11:53:24";d173ba1133b586a2f4a9fbeb05fb9f72;https://www.esercizinglese.com/lezioni-inglesi/esercizi-crocette/91/5/il-comparativo-e-il-superlativ;508;89433;0;efad7f4c-f549-4099-9e25-861fc19ac9c2;1349;1|1|2|2|2|2|2;grammar_exercise;100
2671;"2021-01-03 11:57:43";a4ba3ce181fa943536e1d85b796e2d91;https://www.esercizinglese.com/lezioni-inglesi/esercizi/1/2/l-infinito;12;89909;0;752e1ab7-2ab9-47c1-a2c7-5e10dcb00d42;980;"|david and janet are not at the cinema. they are at home|my pc is not old. it is new|you are not thin. you are fat|my name is not bill. it is billy|she is not english. she is french |ronald and i are not friends. we are brothers";grammar_exercise;86
2713;"2021-01-03 12:00:05";d173ba1133b586a2f4a9fbeb05fb9f72;https://www.esercizinglese.com/lezioni-inglesi/esercizi/91/1/il-comparativo-e-il-superlativo;510;89433;0;efad7f4c-f549-4099-9e25-861fc19ac9c2;1349;|hotter|cheaper|taller|nicer|shier|young|bigger;grammar_exercise;75
2765;"2021-01-03 12:02:14";d173ba1133b586a2f4a9fbeb05fb9f72;https://www.esercizinglese.com/lezioni-inglesi/esercizi/91/2/il-comparativo-e-il-superlativo;512;89433;0;efad7f4c-f549-4099-9e25-861fc19ac9c2;1349;"|more intelligent|more famous|more complicated|more comfortable|more handsome|more important";grammar_exercise;86
2819;"2021-01-03 12:04:51";d173ba1133b586a2f4a9fbeb05fb9f72;https://www.esercizinglese.com/lezioni-inglesi/esercizi/91/3/il-comparativo-e-il-superlativo;514;89433;0;efad7f4c-f549-4099-9e25-861fc19ac9c2;1349;"|the fastest|the happiest|the newest|the largest|the biggest|the greatest";grammar_exercise;86
2937;"2021-01-03 12:10:38";7ac032059da2c3f093a1968340c2d20e;https://www.esercizinglese.com/lezioni-inglesi/esercizi-crocette/29/1/preposizioni-e-avverbi-di-moto;37;89983;0;349c4866-62a3-4cd0-883a-d0d01db214ea;1583;1|2|1|2|1|1|1|2;grammar_exercise;62
3052;"2021-01-03 12:18:21";d173ba1133b586a2f4a9fbeb05fb9f72;https://www.esercizinglese.com/lezioni-inglesi/esercizi/94/1/come-as-o-like;525;89433;0;efad7f4c-f549-4099-9e25-861fc19ac9c2;1349;|like|as|as|as|like|as;grammar_exercise;29
3075;"2021-01-03 12:19:56";7ac032059da2c3f093a1968340c2d20e;https://www.esercizinglese.com/lezioni-inglesi/esercizi/31/1/preposizioni-e-avverbi-di-tempo;46;89983;0;349c4866-62a3-4cd0-883a-d0d01db214ea;1583;|in|on|in|on|in|at|at|on|at;grammar_exercise;60
3089;"2021-01-03 12:20:48";7ac032059da2c3f093a1968340c2d20e;https://www.esercizinglese.com/lezioni-inglesi/esercizi/31/1/preposizioni-e-avverbi-di-tempo;48;89983;0;349c4866-62a3-4cd0-883a-d0d01db214ea;1583;|x|on|in|on||x|x|on|at;grammar_exercise;60
3133;"2021-01-03 12:22:35";7ac032059da2c3f093a1968340c2d20e;https://www.esercizinglese.com/lezioni-inglesi/esercizi/31/2/preposizioni-e-avverbi-di-tempo;50;89983;0;349c4866-62a3-4cd0-883a-d0d01db214ea;1583;"|on|on|on|in the|in the|at|on|at|at";grammar_exercise;30
3159;"2021-01-03 12:23:48";d173ba1133b586a2f4a9fbeb05fb9f72;https://www.esercizinglese.com/lezioni-inglesi/esercizi-crocette/94/2/come-as-o-like;529;89433;0;efad7f4c-f549-4099-9e25-861fc19ac9c2;1349;1|1|1|1|1|1|2;grammar_exercise;71
3178;"2021-01-03 12:24:31";7ac032059da2c3f093a1968340c2d20e;https://www.esercizinglese.com/lezioni-inglesi/esercizi/31/2/preposizioni-e-avverbi-di-tempo;52;89983;0;349c4866-62a3-4cd0-883a-d0d01db214ea;1583;"|after|on|before|in the|at|x|on|during|by";grammar_exercise;30
3205;"2021-01-03 12:25:55";0f141cd36081fab177e4a9e7715ee751;https://www.esercizinglese.com/lezioni-inglesi/esercizi/1/1/l-infinito;36;89909;0;306d2e82-dd5f-453e-9312-4980b9e1bd3e;1519;"|he is an english teacher|they are at school every morning at 8.|we are your friends, don't worry|are they happy today? qll|i am late for class|bob is in budapest for work|the park is closed on weekends|are you ready? ";grammar_exercise;89
3227;"2021-01-03 12:26:31";0f141cd36081fab177e4a9e7715ee751;https://www.esercizinglese.com/lezioni-inglesi/esercizi/1/2/l-infinito;38;89909;0;306d2e82-dd5f-453e-9312-4980b9e1bd3e;1519;"|david and janet are not at the cinema. they are at home|my pc is not old. it is new|you are not thin. you are fat|my name is not bill. it is billy|she is not english. she is french |ronald and i are not friends. we are brothers";grammar_exercise;86
3234;"2021-01-03 12:26:46";7ac032059da2c3f093a1968340c2d20e;https://www.esercizinglese.com/lezioni-inglesi/esercizi/31/3/preposizioni-e-avverbi-di-tempo;54;89983;0;349c4866-62a3-4cd0-883a-d0d01db214ea;1583;|at|x|in|at|in|to|x|to|in;grammar_exercise;90
3261;"2021-01-03 12:28:21";7ac032059da2c3f093a1968340c2d20e;https://www.esercizinglese.com/lezioni-inglesi/esercizi/31/3/preposizioni-e-avverbi-di-tempo;56;89983;0;349c4866-62a3-4cd0-883a-d0d01db214ea;1583;|x|on|on|at|in|to|with|to|in;grammar_exercise;90
3267;"2021-01-03 12:28:39";d173ba1133b586a2f4a9fbeb05fb9f72;https://www.esercizinglese.com/lezioni-inglesi/esercizi-crocette/94/3/come-as-o-like;531;89433;0;efad7f4c-f549-4099-9e25-861fc19ac9c2;1349;2|2|1|2|2|1|2;grammar_exercise;71
3288;"2021-01-03 12:29:53";0f141cd36081fab177e4a9e7715ee751;https://www.esercizinglese.com/lezioni-inglesi/esercizi/1/3/l-infinito;42;89909;0;306d2e82-dd5f-453e-9312-4980b9e1bd3e;1519;"|to do |to get|to call|to go|not to waste|not to be|to go |not to buy|not to eat";grammar_exercise;83
3465;"2021-01-03 12:39:43";9535b7099783ba74fd42864d2127faed;https://www.esercizinglese.com/lezioni-inglesi/esercizi/4/1/there-is-there-are;60;89423;0;30c78fc4-f9c7-41eb-8604-6a74a20c9440;1351;"|is it big?|there is |no |there is a garden?|there is |yes ";grammar_exercise;62
3496;"2021-01-03 12:41:45";9535b7099783ba74fd42864d2127faed;https://www.esercizinglese.com/lezioni-inglesi/esercizi/4/2/there-is-there-are;62;89423;0;30c78fc4-f9c7-41eb-8604-6a74a20c9440;1351;"|is|are |are|are|is|are|is|are|is";grammar_exercise;90
3508;"2021-01-03 12:42:26";0f141cd36081fab177e4a9e7715ee751;https://www.esercizinglese.com/lezioni-inglesi/esercizi/1/4/l-infinito;44;89909;0;306d2e82-dd5f-453e-9312-4980b9e1bd3e;1519;"|to make|to came|to be|to have|to cut|to  find|to bright|to buy|to know";grammar_exercise;80
3514;"2021-01-03 12:42:46";9535b7099783ba74fd42864d2127faed;https://www.esercizinglese.com/lezioni-inglesi/esercizi/4/3/there-is-there-are;64;89423;0;30c78fc4-f9c7-41eb-8604-6a74a20c9440;1351;"|is there|are there|are there|are there|is there|are there|is there|are there|is there";grammar_exercise;90
3556;"2021-01-03 12:45:31";7ac032059da2c3f093a1968340c2d20e;https://www.esercizinglese.com/lezioni-inglesi/esercizi/69/4/verbi-di-moto;60;89983;0;349c4866-62a3-4cd0-883a-d0d01db214ea;1583;|come|go|go|came|go|go|come|go|come;grammar_exercise;60
3559;"2021-01-03 12:45:36";9535b7099783ba74fd42864d2127faed;https://www.esercizinglese.com/lezioni-inglesi/esercizi/4/4/there-is-there-are;66;89423;0;30c78fc4-f9c7-41eb-8604-6a74a20c9440;1351;"|there are|there aren't|there are |there isn't|there are|there isn't|there aren't|there isn't|there isn't";grammar_exercise;90
3605;"2021-01-03 12:48:08";7ac032059da2c3f093a1968340c2d20e;https://www.esercizinglese.com/lezioni-inglesi/esercizi/69/4/verbi-di-moto;62;89983;0;349c4866-62a3-4cd0-883a-d0d01db214ea;1583;|come|come|went|came|go|go|come|go|go;grammar_exercise;60
3624;"2021-01-03 12:49:19";9535b7099783ba74fd42864d2127faed;https://www.esercizinglese.com/lezioni-inglesi/esercizi/4/5/there-is-there-are;68;89423;0;30c78fc4-f9c7-41eb-8604-6a74a20c9440;1351;"|there are pupils in my class|there is a chair in the classroom |there are dogs in the garden |there are computers in the office|there is an apple in the fridge|are there computers in the office ?|is there assistant in that clothes shop?|there is a cell phone on the desk|are there concerts at the city square tonight?";grammar_exercise;86
3642;"2021-01-03 12:50:27";7ac032059da2c3f093a1968340c2d20e;https://www.esercizinglese.com/lezioni-inglesi/esercizi/69/5/verbi-di-moto;64;89983;0;349c4866-62a3-4cd0-883a-d0d01db214ea;1583;"|go |arrive|go out|going|||";grammar_exercise;12
3672;"2021-01-03 12:52:11";9535b7099783ba74fd42864d2127faed;https://www.esercizinglese.com/lezioni-inglesi/esercizi/4/6/there-is-there-are;70;89423;0;30c78fc4-f9c7-41eb-8604-6a74a20c9440;1351;"|there are |there is |are there|there is |there are|is there|there isn't";grammar_exercise;88
3700;"2021-01-03 12:54:39";9535b7099783ba74fd42864d2127faed;https://www.esercizinglese.com/lezioni-inglesi/esercizi/4/7/there-is-there-are;72;89423;0;30c78fc4-f9c7-41eb-8604-6a74a20c9440;1351;"|there are |is there|there isn't |are there|there are";grammar_exercise;83
3942;"2021-01-03 13:08:29";9535b7099783ba74fd42864d2127faed;https://www.esercizinglese.com/lezioni-inglesi/esercizi/37/1/pronomi-interrogativi;76;89423;0;30c78fc4-f9c7-41eb-8604-6a74a20c9440;1351;"|what is there?|who is she?|what is it?|who are they?|what is it?|what are there?|where are you?";grammar_exercise;75
3967;"2021-01-03 13:09:36";9535b7099783ba74fd42864d2127faed;https://www.esercizinglese.com/lezioni-inglesi/esercizi/37/1/pronomi-interrogativi;77;89423;0;30c78fc4-f9c7-41eb-8604-6a74a20c9440;1351;"|what is there?|who is she?|what is it?|who are they?|what is it?|what are there?|where are you?";grammar_exercise;75
4007;"2021-01-03 13:11:13";9535b7099783ba74fd42864d2127faed;https://www.esercizinglese.com/lezioni-inglesi/esercizi/37/1/pronomi-interrogativi;79;89423;0;30c78fc4-f9c7-41eb-8604-6a74a20c9440;1351;"|what are there in the bedroom?|who is she?|what is this?|who are they?|what is the english word for armadio?|what is there on the desk?|where are you?";grammar_exercise;75
4246;"2021-01-03 13:26:13";60828ebe8f62ad09643b3546d2b03f60;https://www.esercizinglese.com/lezioni-inglesi/esercizi/61/1/pronomi-relativi;21;90006;0;3b40b33b-ffd8-42d4-9930-30ae1c010530;1263;"|who |whose|which|whose|who|which|who|who|which";grammar_exercise;80
4341;"2021-01-03 13:32:30";60828ebe8f62ad09643b3546d2b03f60;https://www.esercizinglese.com/lezioni-inglesi/esercizi/61/2/pronomi-relativi;25;90006;0;3b40b33b-ffd8-42d4-9930-30ae1c010530;1263;"|don't eat the apple which is poisonous|i challange the boy who has 225 record|the man whose shouted in the garden was not my brother|the scottish pub, who the owner is from scotland, is next to the right ";grammar_exercise;45
4599;"2021-01-03 13:46:15";821702d03a7e4634ce2474889f12b932;https://www.esercizinglese.com/lezioni-inglesi/esercizi/1/4/l-infinito;28;89990;0;b86810cd-a699-468c-ba56-33492b55b5c3;1349;"|to make||to be|to have|to cut|to found|||to know";grammar_exercise;60
4661;"2021-01-03 13:49:41";de9ef85f63ab8dccac5eb2147779827d;https://www.esercizinglese.com/lezioni-inglesi/esercizi/80/2/il-futuro-nelle-subordinate;198;89410;2;977aea16-43d8-4b21-b1a1-4b6294eced4d;1280;"|will leave|wil leave|leave|will be|will not regret|will become";grammar_exercise;79
4662;"2021-01-03 13:49:50";821702d03a7e4634ce2474889f12b932;https://www.esercizinglese.com/lezioni-inglesi/esercizi/1/1/l-infinito;32;89990;0;b86810cd-a699-468c-ba56-33492b55b5c3;1349;"|he is an english teacher.|they are at school every morning at 8.|we are your friends, don't worry!|they are happy today?|i'm late for class|bob is in budapest for work|the park is closed on the weekends|you are ready?";grammar_exercise;90
4669;"2021-01-03 13:50:16";821702d03a7e4634ce2474889f12b932;https://www.esercizinglese.com/lezioni-inglesi/esercizi/1/1/l-infinito;33;89990;0;b86810cd-a699-468c-ba56-33492b55b5c3;1349;"|he is an english teacher.|they are at school every morning at 8.|we are your friends, don't worry!|they are happy today?|i'm late for class|bob is in budapest for work|the park is closed on the weekends|you are ready?";grammar_exercise;90
4696;"2021-01-03 13:51:53";7ac032059da2c3f093a1968340c2d20e;https://www.esercizinglese.com/lezioni-inglesi/esercizi/70/4/espressioni-di-tempo;68;89983;0;349c4866-62a3-4cd0-883a-d0d01db214ea;1583;|then|before|after|in|until||at;grammar_exercise;38
4704;"2021-01-03 13:52:16";de9ef85f63ab8dccac5eb2147779827d;https://www.esercizinglese.com/lezioni-inglesi/esercizi/80/3/il-futuro-nelle-subordinate;200;89410;2;977aea16-43d8-4b21-b1a1-4b6294eced4d;1280;"|will do|are you coming|am|finish|will see|will finish|finish|will be";grammar_exercise;50
4715;"2021-01-03 13:52:35";821702d03a7e4634ce2474889f12b932;https://www.esercizinglese.com/lezioni-inglesi/esercizi/1/3/l-infinito;37;89990;0;b86810cd-a699-468c-ba56-33492b55b5c3;1349;"|to do|to not get|to call|to go|to not waste|to not be|to go|to buy|to not eat";grammar_exercise;80
4774;"2021-01-03 13:56:35";de9ef85f63ab8dccac5eb2147779827d;https://www.esercizinglese.com/lezioni-inglesi/esercizi/80/4/il-futuro-nelle-subordinate;202;89410;2;977aea16-43d8-4b21-b1a1-4b6294eced4d;1280;"|will thank|is|am|will not be able to|need|will react|is|am|will be";grammar_exercise;70
4794;"2021-01-03 13:58:08";7ac032059da2c3f093a1968340c2d20e;https://www.esercizinglese.com/lezioni-inglesi/esercizi/70/1/espressioni-di-tempo;70;89983;0;349c4866-62a3-4cd0-883a-d0d01db214ea;1583;"|at the moment|the end of|at present|nowadays|nowadays|at the beginning|at the moment|at the beginning|from monday to saturday";grammar_exercise;61
4894;"2021-01-03 14:03:42";821702d03a7e4634ce2474889f12b932;https://www.esercizinglese.com/lezioni-inglesi/esercizi/1/3/l-infinito;39;89990;0;b86810cd-a699-468c-ba56-33492b55b5c3;1349;"|to do|to not get|to call|to go|to not waste||||";grammar_exercise;80
4904;"2021-01-03 14:04:05";821702d03a7e4634ce2474889f12b932;https://www.esercizinglese.com/lezioni-inglesi/esercizi/1/3/l-infinito;40;89990;0;b86810cd-a699-468c-ba56-33492b55b5c3;1349;"|to do|to not get|to call|to go|to not waste||||";grammar_exercise;80
4920;"2021-01-03 14:05:14";821702d03a7e4634ce2474889f12b932;https://www.esercizinglese.com/lezioni-inglesi/esercizi/1/3/l-infinito;43;89990;0;b86810cd-a699-468c-ba56-33492b55b5c3;1349;"|to do|to not get|to call|to go|to not waste|to not be|to go|to not buy|to not eat";grammar_exercise;80
4941;"2021-01-03 14:06:19";821702d03a7e4634ce2474889f12b932;https://www.esercizinglese.com/lezioni-inglesi/esercizi/1/3/l-infinito;46;89990;0;b86810cd-a699-468c-ba56-33492b55b5c3;1349;"|to do|not to get|to call|not to go|not to waste|not to be|to  go|not to buy|not to eat";grammar_exercise;80
4957;"2021-01-03 14:07:39";821702d03a7e4634ce2474889f12b932;https://www.esercizinglese.com/lezioni-inglesi/esercizi/1/4/l-infinito;48;89990;0;b86810cd-a699-468c-ba56-33492b55b5c3;1349;"|to make||to be|to have|to cut|to find|||to know";grammar_exercise;60
4990;"2021-01-03 14:09:57";821702d03a7e4634ce2474889f12b932;https://www.esercizinglese.com/lezioni-inglesi/esercizi/1/6/l-infinito;50;89990;0;b86810cd-a699-468c-ba56-33492b55b5c3;1349;"|take|enter|arrive|to rain||visiting|living|to remain|thinking";grammar_exercise;33
5098;"2021-01-03 14:16:23";d173ba1133b586a2f4a9fbeb05fb9f72;https://www.esercizinglese.com/lezioni-inglesi/esercizi/99/3/potere-can-could-be-able-to;539;89433;0;efad7f4c-f549-4099-9e25-861fc19ac9c2;1349;"|can|can |have been able to|were able to|could| be able to";grammar_exercise;29
5243;"2021-01-03 14:25:02";d173ba1133b586a2f4a9fbeb05fb9f72;https://www.esercizinglese.com/lezioni-inglesi/esercizi/99/2/potere-can-could-be-able-to;543;89433;0;efad7f4c-f549-4099-9e25-861fc19ac9c2;1349;"|am able to|are you able to| be able to|was able to|be able to|have you been able to";grammar_exercise;60
5461;"2021-01-03 14:37:17";7ac032059da2c3f093a1968340c2d20e;https://www.esercizinglese.com/lezioni-inglesi/esercizi/35/5/gli-indefiniti-composti;76;89983;0;349c4866-62a3-4cd0-883a-d0d01db214ea;1583;|anything|nothing|everywhere|nothing|something|something|everything|anybody-anyone|somebody-someone;grammar_exercise;58
5862;"2021-01-03 14:57:06";7ac032059da2c3f093a1968340c2d20e;https://www.esercizinglese.com/lezioni-inglesi/esercizi/36/4/molto-tanto-troppo;80;89983;0;349c4866-62a3-4cd0-883a-d0d01db214ea;1583;"|too|a lot|any|as much|much|lot";grammar_exercise;86
5889;"2021-01-03 14:58:25";7ac032059da2c3f093a1968340c2d20e;https://www.esercizinglese.com/lezioni-inglesi/esercizi/36/4/molto-tanto-troppo;84;89983;0;349c4866-62a3-4cd0-883a-d0d01db214ea;1583;"|very|a lot|many|much|a lot of|very";grammar_exercise;86
6134;"2021-01-03 15:09:46";d173ba1133b586a2f4a9fbeb05fb9f72;https://www.esercizinglese.com/lezioni-inglesi/esercizi/100/2/might-o-may;550;89433;0;efad7f4c-f549-4099-9e25-861fc19ac9c2;1349;|might|may|may|might|may|might;grammar_exercise;57
6292;"2021-01-03 15:17:45";821702d03a7e4634ce2474889f12b932;https://www.esercizinglese.com/lezioni-inglesi/esercizi/2/1/i-pronomi-personali-soggetto;57;89990;0;b86810cd-a699-468c-ba56-33492b55b5c3;1349;|he|they|she|it|we|they|it;grammar_exercise;88
6298;"2021-01-03 15:18:04";73042f24ab5b973129dff8e9287ed1c3;https://www.esercizinglese.com/lezioni-inglesi/esercizi/54/1/il-futuro-semplice;7;90015;0;1089f335-69f6-4815-9a0c-94406d06e264;1263;"|will eat|will drink|will not watch|will not have|will not play|will janet read";grammar_exercise;78
6371;"2021-01-03 15:21:36";73042f24ab5b973129dff8e9287ed1c3;https://www.esercizinglese.com/lezioni-inglesi/esercizi/54/2/il-futuro-semplice;9;90015;0;1089f335-69f6-4815-9a0c-94406d06e264;1263;"|will become|won't watch|will relax|will stay|will be|will phone|will get";grammar_exercise;88
6658;"2021-01-03 15:36:13";73042f24ab5b973129dff8e9287ed1c3;https://www.esercizinglese.com/lezioni-inglesi/esercizi/57/1/l-uso-del-futuro;15;90015;0;1089f335-69f6-4815-9a0c-94406d06e264;1263;"|will be|will study|is going to be|will live|will have|are leaving |are going to see|will help|are missing";grammar_exercise;39
7072;"2021-01-03 15:58:00";923833557d40ff99c91ce806a5a8f83a;https://www.esercizinglese.com/lezioni-inglesi/esercizi/32/1/il-simple-present-di-to-have;96;89787;1;f1ca2fe7-42a3-4f79-b30a-9cd5bb5adf50;1903;|have|have|has|have|has|has|has;grammar_exercise;88
7136;"2021-01-03 16:01:31";71eea8b9f621ef69b556877a8ab84c3b;https://www.esercizinglese.com/lezioni-inglesi/esercizi/76/1/simple-past;116;88657;0;6515e83f-4c11-4bc3-a973-220d25fc176b;750;"|made|went|did you do|didn't boring|went|was|were|visited|was";grammar_exercise;67
7154;"2021-01-03 16:02:22";923833557d40ff99c91ce806a5a8f83a;https://www.esercizinglese.com/lezioni-inglesi/esercizi/32/2/il-simple-present-di-to-have;98;89787;1;f1ca2fe7-42a3-4f79-b30a-9cd5bb5adf50;1903;"|has you got a razor to lend me?|genny hasn't a brother, he has got two sisters|how much you got in the purse?|my dad has got to boats: one is red and one is white|i haven't the keys, has you got |";grammar_exercise;32
7229;"2021-01-03 16:05:22";8aae05742dabc7b98b5561f09f5518c5;https://www.esercizinglese.com/lezioni-inglesi/esercizi/1/1/l-infinito;8;89905;0;f882fee2-8a60-46c5-9838-ccce5acd6708;1395;"|he is an english teacher|they are at school every morning at 8|we are your friends, don't worry|are they happy today?|i am late for class|bob is in budapest for work|the park is closed this weekends|are you ready?";grammar_exercise;90
7281;"2021-01-03 16:09:03";923833557d40ff99c91ce806a5a8f83a;https://www.esercizinglese.com/lezioni-inglesi/esercizi/32/2/il-simple-present-di-to-have;101;89787;1;f1ca2fe7-42a3-4f79-b30a-9cd5bb5adf50;1903;||||||;grammar_exercise;32
7292;"2021-01-03 16:09:53";ff667f8da5e9cd1533b231c6a8be8389;https://www.esercizinglese.com/lezioni-inglesi/esercizi/62/1/il-periodo-ipotetico;715;88765;0;56f52b65-cbee-44af-8226-e1b2095ee1f5;1305;"|will pass|wait|will ask|wins|will fly|go|will listen|forgets|will give";grammar_exercise;90
7312;"2021-01-03 16:10:51";71eea8b9f621ef69b556877a8ab84c3b;https://www.esercizinglese.com/lezioni-inglesi/esercizi/76/2/simple-past;118;88657;0;6515e83f-4c11-4bc3-a973-220d25fc176b;750;|were|was|was|were;grammar_exercise;80
7330;"2021-01-03 16:11:53";ff667f8da5e9cd1533b231c6a8be8389;https://www.esercizinglese.com/lezioni-inglesi/esercizi/62/2/il-periodo-ipotetico;717;88765;0;56f52b65-cbee-44af-8226-e1b2095ee1f5;1305;"|won't go|don't hurry|won't catch|eat|won't lose|don't have|will fell|don't buy|will get";grammar_exercise;82
7364;"2021-01-03 16:13:04";6d5de78b80fcdc48a74c84bfc9d9944e;https://www.esercizinglese.com/lezioni-inglesi/esercizi-crocette/24/1/l-uso-dell-articolo-determinat;5;90026;0;761eedbd-e0cf-4080-a2a3-530e93125099;1349;2|1|1|2|3|2|1|2;grammar_exercise;100
7375;"2021-01-03 16:13:38";ff667f8da5e9cd1533b231c6a8be8389;https://www.esercizinglese.com/lezioni-inglesi/esercizi/62/3/il-periodo-ipotetico;719;88765;0;56f52b65-cbee-44af-8226-e1b2095ee1f5;1305;"|would do|came|would prepare|rained|would take|hurried|would catch|studied|would be";grammar_exercise;90
7410;"2021-01-03 16:15:14";6d5de78b80fcdc48a74c84bfc9d9944e;https://www.esercizinglese.com/traduzioni/testi-in-inglese/esercizi/it-en/27;10;90026;0;761eedbd-e0cf-4080-a2a3-530e93125099;1349;"hello, my names's forrest. forrest gump";translate_exercise;86
7416;"2021-01-03 16:15:28";8aae05742dabc7b98b5561f09f5518c5;https://www.esercizinglese.com/lezioni-inglesi/esercizi/1/2/l-infinito;10;89905;0;f882fee2-8a60-46c5-9838-ccce5acd6708;1395;"|david an janet is not at the cinema, they are at home|my pc is old. it is not new|you are thin. you are not fat|my name is not bill. it is billy|she is english. she is not french|ronald and i are friends. we are not brothers";grammar_exercise;65
7428;"2021-01-03 16:16:20";71eea8b9f621ef69b556877a8ab84c3b;https://www.esercizinglese.com/lezioni-inglesi/esercizi/76/3/simple-past;120;88657;0;6515e83f-4c11-4bc3-a973-220d25fc176b;750;"|spent|was|traveled|was|went|learnt|were|wasn't rain|saw";grammar_exercise;67
7432;"2021-01-03 16:16:27";ff667f8da5e9cd1533b231c6a8be8389;https://www.esercizinglese.com/lezioni-inglesi/esercizi/62/4/il-periodo-ipotetico;721;88765;0;56f52b65-cbee-44af-8226-e1b2095ee1f5;1305;"|wouldn't keep|didn't print|wouldn't correct|wasn't|would play|were|would buy|knew|would call";grammar_exercise;81
7441;"2021-01-03 16:16:41";6d5de78b80fcdc48a74c84bfc9d9944e;https://www.esercizinglese.com/traduzioni/testi-in-inglese/esercizi/it-en/30;12;90026;0;761eedbd-e0cf-4080-a2a3-530e93125099;1349;"my mama always said that the life is like a box chocolate";translate_exercise;35
7500;"2021-01-03 16:18:36";ff667f8da5e9cd1533b231c6a8be8389;https://www.esercizinglese.com/lezioni-inglesi/esercizi/62/5/il-periodo-ipotetico;726;88765;0;56f52b65-cbee-44af-8226-e1b2095ee1f5;1305;"|had asked|would have given|had wait|would have gone|had gone|would have eaten|had explained|would have done";grammar_exercise;83
7557;"2021-01-03 16:20:33";ff667f8da5e9cd1533b231c6a8be8389;https://www.esercizinglese.com/lezioni-inglesi/esercizi/62/6/il-periodo-ipotetico;728;88765;0;56f52b65-cbee-44af-8226-e1b2095ee1f5;1305;"|hadn't turned|would have known|hadn't copied|wouldn't have given |hadn't rained|would have played |had used|wouldn't have been";grammar_exercise;85
7616;"2021-01-03 16:23:13";8aae05742dabc7b98b5561f09f5518c5;https://www.esercizinglese.com/lezioni-inglesi/esercizi/1/2/l-infinito;12;89905;0;f882fee2-8a60-46c5-9838-ccce5acd6708;1395;"|david and janet are at the cinema. they are at home|my pc is new. hi is not old|you are thin, you are not fat|my name is not bill, it is billy|she dont is english, she is french|ronal and i are not friend. we are brother";grammar_exercise;65
7683;"2021-01-03 16:28:16";71eea8b9f621ef69b556877a8ab84c3b;https://www.esercizinglese.com/lezioni-inglesi/esercizi/76/4/simple-past;122;88657;0;6515e83f-4c11-4bc3-a973-220d25fc176b;750;"|kat didn't tidy her clothes|nancy didn't eat dinner|he read the newspaper";grammar_exercise;75
7698;"2021-01-03 16:28:41";8aae05742dabc7b98b5561f09f5518c5;https://www.esercizinglese.com/lezioni-inglesi/esercizi/1/1/l-infinito;16;89905;0;f882fee2-8a60-46c5-9838-ccce5acd6708;1395;"|he is an english teacher|they are at school every morning at 8|we are your friends, don't worry|they are happy today|i am late for class|bob is in budapest for work|the park is closed on weekends|are you ready?";grammar_exercise;90
7860;"2021-01-03 16:35:37";71eea8b9f621ef69b556877a8ab84c3b;https://www.esercizinglese.com/lezioni-inglesi/esercizi/76/5/simple-past;125;88657;0;6515e83f-4c11-4bc3-a973-220d25fc176b;750;"|we moved to a new town|he didn't do the washing up|they sold everything but the thing i need|did she spend time with her boyfriend?";grammar_exercise;80
8055;"2021-01-03 16:44:42";71eea8b9f621ef69b556877a8ab84c3b;https://www.esercizinglese.com/lezioni-inglesi/esercizi/76/6/simple-past;127;88657;0;6515e83f-4c11-4bc3-a973-220d25fc176b;750;"|did you go|travelled|bought|didn't watch|did you work|didn't think|didn't study|did they visit";grammar_exercise;88
8141;"2021-01-03 16:49:16";71eea8b9f621ef69b556877a8ab84c3b;https://www.esercizinglese.com/lezioni-inglesi/esercizi/76/7/simple-past;129;88657;0;6515e83f-4c11-4bc3-a973-220d25fc176b;750;"|loved|did you go|had|didn't meet|tried|did you eat|didn't play|did she swim|wrote";grammar_exercise;80
8165;"2021-01-03 16:50:40";ff667f8da5e9cd1533b231c6a8be8389;https://www.esercizinglese.com/lezioni-inglesi/esercizi/81/1/il-future-perfect;741;88765;0;56f52b65-cbee-44af-8226-e1b2095ee1f5;1305;"|will have already done|will have finished|will have already made|";grammar_exercise;60
8186;"2021-01-03 16:51:12";c680d69d21969e8fedfc6aa2d4401bdf;https://www.esercizinglese.com/lezioni-inglesi/esercizi/23/7/present-continuous;35;42366;0;8d97141e-1e0a-4d31-b8ac-2901aaa4b21e;1519;"|is getting|is listening|read|am reading|do you remember|go|lets|are you cooking |am chatting ";grammar_exercise;80
8280;"2021-01-03 16:54:40";41dd026428462d1a2b9c748f9f3ee9fa;https://www.esercizinglese.com/lezioni-inglesi/esercizi/76/1/simple-past;23;90036;0;ca927953-b2d3-4aa1-93e6-e4ee4a500882;1519;"|maked |went |did you|didn't boring |went |were |was |visited |was ";grammar_exercise;73
8303;"2021-01-03 16:55:40";52f6fe251a1b6a3f38d7ae9dc2cc6d92;https://www.esercizinglese.com/lezioni-inglesi/esercizi/62/3/il-periodo-ipotetico;26;90031;1;ab833dee-6b40-4f61-a714-bebf37c233f6;1263;"|would do|had come|would have|rains|will take|had hurried|would have caught|had studied|would have been";grammar_exercise;29
8347;"2021-01-03 16:57:54";c680d69d21969e8fedfc6aa2d4401bdf;https://www.esercizinglese.com/lezioni-inglesi/esercizi/76/7/simple-past;36;42366;0;8d97141e-1e0a-4d31-b8ac-2901aaa4b21e;1519;"|loved|did you go |had|didn't meet |tried|did you eat|didn't play |she swam|wrote";grammar_exercise;90
8399;"2021-01-03 17:00:48";41dd026428462d1a2b9c748f9f3ee9fa;https://www.esercizinglese.com/lezioni-inglesi/esercizi/76/8/simple-past;25;90036;0;ca927953-b2d3-4aa1-93e6-e4ee4a500882;1519;"|you didn't jump through the hoop|alison didn't play tennis with her friends |the teacher didn't test our vocabulary|dale didn't visit friends over the summer |she didn't her hair|you didn't are hot and tired |dean didn't has a degree in computing |i didn't buy a new car |you didn't view all the new houses in the area ";grammar_exercise;75
8539;"2021-01-03 17:09:20";ff667f8da5e9cd1533b231c6a8be8389;https://www.esercizinglese.com/lezioni-inglesi/esercizi/84/1/dire-say-o-tell;747;88765;0;56f52b65-cbee-44af-8226-e1b2095ee1f5;1305;|tell-say|say|tell|tell|tell|say;grammar_exercise;57
8544;"2021-01-03 17:09:42";41dd026428462d1a2b9c748f9f3ee9fa;https://www.esercizinglese.com/lezioni-inglesi/esercizi/76/3/simple-past;30;90036;0;ca927953-b2d3-4aa1-93e6-e4ee4a500882;1519;"|spend |was |travelled |was |went |learnt |were|didn't rain|saw ";grammar_exercise;70
8625;"2021-01-03 17:13:20";41dd026428462d1a2b9c748f9f3ee9fa;https://www.esercizinglese.com/lezioni-inglesi/esercizi/76/7/simple-past;34;90036;0;ca927953-b2d3-4aa1-93e6-e4ee4a500882;1519;"|loved |did you go|had |didn't meet |tried|did you eat|didn't play|did she swim|wrote ";grammar_exercise;80
8931;"2021-01-03 17:26:12";c680d69d21969e8fedfc6aa2d4401bdf;https://www.esercizinglese.com/lezioni-inglesi/esercizi/54/1/il-futuro-semplice;40;42366;0;8d97141e-1e0a-4d31-b8ac-2901aaa4b21e;1519;"|will eat|will drink |will not watch |will not have|will not play|will read";grammar_exercise;86
9063;"2021-01-03 17:32:57";2f3c22169928ab764c20bb44b434d190;https://www.esercizinglese.com/lezioni-inglesi/esercizi-crocette/70/2/espressioni-di-tempo;48;77548;0;776eb4bb-a4f4-44df-ad54-ecb00492d332;1349;1|2|3|3|4|1|4;grammar_exercise;86
9156;"2021-01-03 17:36:33";4b27a9d923cbc4482919a80c8eb2eed5;https://www.esercizinglese.com/lezioni-inglesi/esercizi/28/1/preposizione-e-avverbi-di-stato-in-luog;11;90047;0;eca5dac1-77f2-4e3d-9996-d7a6a6795f8a;1287;"|in|in|in|in|at |at |in";grammar_exercise;88
9215;"2021-01-03 17:39:15";0b923546f6c88e1bd8f7d1b2f175f42f;https://www.esercizinglese.com/lezioni-inglesi/esercizi/47/1/can-modal-verb;36;90043;1;c3edea10-f253-4ae3-ab14-e4fb5078fd2b;1008;"|can your father take photo?|can you play the guitar?|they can go to the theatre tonight|you can't clean the bedroom now|can they go to the garden for the birthday party?|my sister can't speak english fluenty|he can't play the piano";grammar_exercise;83
9242;"2021-01-03 17:40:15";4b27a9d923cbc4482919a80c8eb2eed5;https://www.esercizinglese.com/lezioni-inglesi/esercizi/28/1/preposizione-e-avverbi-di-stato-in-luog;13;90047;0;eca5dac1-77f2-4e3d-9996-d7a6a6795f8a;1287;"|in|at|in|in|at |at |in";grammar_exercise;88
9266;"2021-01-03 17:41:23";c680d69d21969e8fedfc6aa2d4401bdf;https://www.esercizinglese.com/lezioni-inglesi/esercizi/53/4/il-futuro-intenzionale;42;42366;0;8d97141e-1e0a-4d31-b8ac-2901aaa4b21e;1519;"|going to take|is going to ask|not to be going to |not going to lend |going to accept ";grammar_exercise;60
9405;"2021-01-03 17:48:57";4b27a9d923cbc4482919a80c8eb2eed5;https://www.esercizinglese.com/lezioni-inglesi/esercizi/28/2/preposizione-e-avverbi-di-stato-in-luog;15;90047;0;eca5dac1-77f2-4e3d-9996-d7a6a6795f8a;1287;|at|in|in|at|in|in|at|in|in;grammar_exercise;30
9502;"2021-01-03 17:53:20";2f3c22169928ab764c20bb44b434d190;https://www.esercizinglese.com/lezioni-inglesi/esercizi/70/4/espressioni-di-tempo;50;77548;0;776eb4bb-a4f4-44df-ad54-ecb00492d332;1349;|||||||;grammar_exercise;25
9617;"2021-01-03 17:57:17";c680d69d21969e8fedfc6aa2d4401bdf;https://www.esercizinglese.com/lezioni-inglesi/esercizi/68/5/usi-di-in-e-on;47;42366;0;8d97141e-1e0a-4d31-b8ac-2901aaa4b21e;1519;"|at||in||in |at";grammar_exercise;57
9646;"2021-01-03 17:58:34";93befd91cd223345dfc52852f27ebb4c;https://www.esercizinglese.com/lezioni-inglesi/esercizi/59/3/present-perfect-continuous;5;90048;0;800dfe9f-2b4e-4cb1-b75b-5f215c8543c4;414;"|have met |have you been knowing |have you been dating |i have been knowing |have moved |have been dating ";grammar_exercise;66
9757;"2021-01-03 18:02:59";0b923546f6c88e1bd8f7d1b2f175f42f;https://www.esercizinglese.com/lezioni-inglesi/esercizi/53/4/il-futuro-intenzionale;7;90043;0;f00927f6-5be1-4ed1-908d-6d74010d7700;393;"|going to take|is going to ask|going to not tolerate|going to not lend|going to accept";grammar_exercise;54
9867;"2021-01-03 18:06:53";2481a79a424c28fb529311dda76c36be;https://www.esercizinglese.com/lezioni-inglesi/esercizi/2/1/i-pronomi-personali-soggetto;6;90056;0;28d8d8ec-cf52-47fd-82d2-994a61f3d27c;1349;|||||||;grammar_exercise;1
9873;"2021-01-03 18:06:57";d8a4f548e0ac234e8c7e3663ea6fd3af;https://www.esercizinglese.com/lezioni-inglesi/esercizi/26/4/ancora-uso-dell-articolo-determinativo;277;90057;1;9f05583b-a15c-41af-8455-142bee04d9fe;1280;|x|x|the|the|an|the|x;grammar_exercise;62
9886;"2021-01-03 18:07:22";da9130874beb69d312a9ef4991bf597f;https://www.esercizinglese.com/lezioni-inglesi/esercizi/1/6/l-infinito;7;90052;0;fb0c038c-7e0a-4cc9-8e9d-2f51652ece20;1349;"|to take|entering|to arrive|to rain|to read|to visit|living|to remain|thinking";grammar_exercise;66
9905;"2021-01-03 18:08:03";2481a79a424c28fb529311dda76c36be;https://www.esercizinglese.com/lezioni-inglesi/esercizi/2/2/i-pronomi-personali-soggetto;10;90056;0;28d8d8ec-cf52-47fd-82d2-994a61f3d27c;1349;|singolar|singolar|singolar|singolar|plural|singolar;grammar_exercise;14
9932;"2021-01-03 18:08:57";d8a4f548e0ac234e8c7e3663ea6fd3af;https://www.esercizinglese.com/lezioni-inglesi/esercizi/26/3/ancora-uso-dell-articolo-determinativo;279;90057;1;9f05583b-a15c-41af-8455-142bee04d9fe;1280;"|that is the guy|holiday|texas|the bunch|an hour|a nurse|the british museum|the only thing|the surprise";grammar_exercise;64
9941;"2021-01-03 18:09:18";6da754ce82f91045b3c3bf3b6d1e0270;https://www.esercizinglese.com/lezioni-inglesi/esercizi/57/4/l-uso-del-futuro;5;90055;0;7378ed01-58ce-4113-93fd-359a469db899;1349;"|we are buing?|||||";grammar_exercise;1
9946;"2021-01-03 18:09:24";0b923546f6c88e1bd8f7d1b2f175f42f;https://www.esercizinglese.com/lezioni-inglesi/esercizi/62/3/il-periodo-ipotetico;12;90043;0;f00927f6-5be1-4ed1-908d-6d74010d7700;393;"|would do|came|would prepare|rained|would take|hurried|would catch|studied|would be";grammar_exercise;90
9954;"2021-01-03 18:09:35";2f3c22169928ab764c20bb44b434d190;https://www.esercizinglese.com/lezioni-inglesi/esercizi/70/4/espressioni-di-tempo;52;77548;0;776eb4bb-a4f4-44df-ad54-ecb00492d332;1349;|then|after|beforein|in|until|after|at;grammar_exercise;25
9965;"2021-01-03 18:09:47";2481a79a424c28fb529311dda76c36be;https://www.esercizinglese.com/lezioni-inglesi/esercizi/2/3/i-pronomi-personali-soggetto;12;90056;0;28d8d8ec-cf52-47fd-82d2-994a61f3d27c;1349;|he|they|it|we|we|they|it|they|they;grammar_exercise;70
10054;"2021-01-03 18:12:43";0b923546f6c88e1bd8f7d1b2f175f42f;https://www.esercizinglese.com/lezioni-inglesi/esercizi/62/4/il-periodo-ipotetico;14;90043;0;f00927f6-5be1-4ed1-908d-6d74010d7700;393;"|wouldn't keep|didn't print|wouldn't correct|wasn't|would play|were|would buy|knew|would call";grammar_exercise;81
10092;"2021-01-03 18:13:49";6da754ce82f91045b3c3bf3b6d1e0270;https://www.esercizinglese.com/lezioni-inglesi/esercizi/57/1/l-uso-del-futuro;7;90055;0;7378ed01-58ce-4113-93fd-359a469db899;1349;"|will be|i will study|is going to be|will live|will have|are leaving |are goint to see|will help|are going to miss";grammar_exercise;28
10220;"2021-01-03 18:17:25";0b923546f6c88e1bd8f7d1b2f175f42f;https://www.esercizinglese.com/lezioni-inglesi/esercizi/62/5/il-periodo-ipotetico;16;90043;0;f00927f6-5be1-4ed1-908d-6d74010d7700;393;"|had asked|would have given|had wait|would have gone|had gone|would have eaten|had explained|would have done";grammar_exercise;83
10267;"2021-01-03 18:19:00";c680d69d21969e8fedfc6aa2d4401bdf;https://www.esercizinglese.com/lezioni-inglesi/esercizi/68/8/usi-di-in-e-on;50;42366;0;8d97141e-1e0a-4d31-b8ac-2901aaa4b21e;1519;"|on television|on foot |on guard|on average|on a trip|on the whale|on sale |on occasion|on the phone ";grammar_exercise;68
10281;"2021-01-03 18:19:19";6da754ce82f91045b3c3bf3b6d1e0270;https://www.esercizinglese.com/lezioni-inglesi/esercizi/57/2/l-uso-del-futuro;9;90055;0;7378ed01-58ce-4113-93fd-359a469db899;1079;"|i meets|it is going to rain soon|are you really buying|they won't go|i am working |i am going back|i will join |there will be|";grammar_exercise;63
10316;"2021-01-03 18:20:41";0b923546f6c88e1bd8f7d1b2f175f42f;https://www.esercizinglese.com/lezioni-inglesi/esercizi/62/6/il-periodo-ipotetico;19;90043;0;f00927f6-5be1-4ed1-908d-6d74010d7700;393;"|hadn't turned|would have knew |hadn't copied|wouldn't have given|hadn't rained|would have played|had used|wouldn't have been";grammar_exercise;82
10481;"2021-01-03 18:25:55";6da754ce82f91045b3c3bf3b6d1e0270;https://www.esercizinglese.com/lezioni-inglesi/esercizi/57/3/l-uso-del-futuro;11;90055;0;7378ed01-58ce-4113-93fd-359a469db899;1079;"|are you going to invite |will be |are you doing |we going to give|we are buying |the train leaves|i will open |it going to be ";grammar_exercise;55
10531;"2021-01-03 18:27:41";2f3c22169928ab764c20bb44b434d190;https://www.esercizinglese.com/lezioni-inglesi/esercizi/72/1/tempo-meteorologico;66;77548;0;776eb4bb-a4f4-44df-ad54-ecb00492d332;1349;|blowing|cooler|snow|clouds|temperature;grammar_exercise;67
10548;"2021-01-03 18:28:17";98035489840db377861b0fe471c36b9e;https://www.esercizinglese.com/lezioni-inglesi/esercizi/1/5/l-infinito;15;90064;0;0a62cee6-c34a-41a8-9a8b-6b592ae1a0df;1440;"|let me call the technician to repair it|was obliged to do |told you not to eat |not to cross";grammar_exercise;80
10717;"2021-01-03 18:35:45";9a871b6d5d4a4fa9a1e33b54873a15f1;https://www.esercizinglese.com/lezioni-inglesi/esercizi/57/1/l-uso-del-futuro;5;90067;0;aee12c8c-e4f2-4c0c-9efb-249fb3c23784;1519;"||'ll study|'ll be|are going to live|'ll have|are leaving|are going to see|'ll help|'ll miss";grammar_exercise;37
10748;"2021-01-03 18:37:12";98035489840db377861b0fe471c36b9e;https://www.esercizinglese.com/lezioni-inglesi/esercizi/1/6/l-infinito;17;90064;0;0a62cee6-c34a-41a8-9a8b-6b592ae1a0df;1440;"|to take|to entering|to arrive|to rain|to read|to visit|living |to remain|to think";grammar_exercise;46
10767;"2021-01-03 18:37:53";2f3c22169928ab764c20bb44b434d190;https://www.esercizinglese.com/lezioni-inglesi/esercizi/72/2/tempo-meteorologico;70;77548;0;776eb4bb-a4f4-44df-ad54-ecb00492d332;1349;|rain|thunder|breeze|heats|dew;grammar_exercise;83
10807;"2021-01-03 18:39:11";4950823be9cd47a7c4b3f3b4aed20c8c;https://www.esercizinglese.com/lezioni-inglesi/esercizi/28/1/preposizione-e-avverbi-di-stato-in-luog;15;90042;0;052cc670-6f57-4315-b0b0-a401f2c428c6;1263;|in|at|||||;grammar_exercise;50
10856;"2021-01-03 18:40:38";4950823be9cd47a7c4b3f3b4aed20c8c;https://www.esercizinglese.com/lezioni-inglesi/esercizi/28/1/preposizione-e-avverbi-di-stato-in-luog;17;90042;0;052cc670-6f57-4315-b0b0-a401f2c428c6;1263;|in|at|in|at|in|at|at;grammar_exercise;50
10888;"2021-01-03 18:41:40";9a871b6d5d4a4fa9a1e33b54873a15f1;https://www.esercizinglese.com/lezioni-inglesi/esercizi/57/2/l-uso-del-futuro;9;90067;0;aee12c8c-e4f2-4c0c-9efb-249fb3c23784;1519;"|i'm going to meet||will you really buy||||||";grammar_exercise;14
10947;"2021-01-03 18:44:19";4950823be9cd47a7c4b3f3b4aed20c8c;https://www.esercizinglese.com/lezioni-inglesi/esercizi/28/2/preposizione-e-avverbi-di-stato-in-luog;21;90042;0;052cc670-6f57-4315-b0b0-a401f2c428c6;1263;"| on|on|||||||";grammar_exercise;60
11002;"2021-01-03 18:46:52";4950823be9cd47a7c4b3f3b4aed20c8c;https://www.esercizinglese.com/lezioni-inglesi/esercizi/28/2/preposizione-e-avverbi-di-stato-in-luog;23;90042;0;052cc670-6f57-4315-b0b0-a401f2c428c6;1263;"| on|on|in|on|on|on| on| above|";grammar_exercise;60
11192;"2021-01-03 18:53:58";0e56fea8d0d75dd52649f3f37a596f9d;https://www.esercizinglese.com/lezioni-inglesi/esercizi/5/1/l-articolo;4;90074;0;38afb710-3376-42fc-9033-464b424c1aa6;1007;||||||||;grammar_exercise;1
11235;"2021-01-03 18:56:05";0e56fea8d0d75dd52649f3f37a596f9d;https://www.esercizinglese.com/lezioni-inglesi/esercizi/5/2/l-articolo;8;90074;0;38afb710-3376-42fc-9033-464b424c1aa6;1007;|||||||||;grammar_exercise;1
11255;"2021-01-03 18:56:56";4950823be9cd47a7c4b3f3b4aed20c8c;https://www.esercizinglese.com/lezioni-inglesi/esercizi/30/1/preposizioni-di-mezzo;29;90042;0;052cc670-6f57-4315-b0b0-a401f2c428c6;1263;"|  |i go to england by plane |mr and mrs taylor are travelling on ship a luxury cruise ship| |||||";grammar_exercise;51
11257;"2021-01-03 18:56:59";2f3c22169928ab764c20bb44b434d190;https://www.esercizinglese.com/lezioni-inglesi/esercizi-crocette/72/3/tempo-meteorologico;72;77548;0;776eb4bb-a4f4-44df-ad54-ecb00492d332;1349;3|1|3|1|4|4|4|2|-1;grammar_exercise;78
11288;"2021-01-03 18:58:40";0e56fea8d0d75dd52649f3f37a596f9d;https://www.esercizinglese.com/lezioni-inglesi/esercizi/5/8/l-articolo;10;90074;0;38afb710-3376-42fc-9033-464b424c1aa6;1007;|||||;grammar_exercise;1
11365;"2021-01-03 19:03:08";4950823be9cd47a7c4b3f3b4aed20c8c;https://www.esercizinglese.com/lezioni-inglesi/esercizi/30/1/preposizioni-di-mezzo;35;90042;0;052cc670-6f57-4315-b0b0-a401f2c428c6;1263;"|  my brother goes to school on the old motorbike|i go to england by plane |mr and mrs taylor are travelling on  a luxury cruise ship| i am driving to school|mr tom flying on philadelphia with jumbo|why does rob never goes in town by bike?|dad always drives his new car|i never go to work on foot|teo goes to school by bike";grammar_exercise;51
11723;"2021-01-03 19:20:25";0e56fea8d0d75dd52649f3f37a596f9d;https://www.esercizinglese.com/lezioni-inglesi/esercizi/5/1/l-articolo;16;90074;0;38afb710-3376-42fc-9033-464b424c1aa6;1007;||||||||;grammar_exercise;1
11903;"2021-01-03 19:26:26";96b01047ecd402f50b80e0237f0b8a05;https://www.esercizinglese.com/lezioni-inglesi/esercizi/1/1/l-infinito;17;90077;0;0e13c1bd-dc16-41b2-8f03-c46987a43f16;1583;"|he is an english teacher|they go at school every morning at 8|we are your friends, don't worry|are they happy today ?|i am late for class|bob is in budapest for work|the park is closed on weekends|are you ready ?";grammar_exercise;88
12028;"2021-01-03 19:31:30";96b01047ecd402f50b80e0237f0b8a05;https://www.esercizinglese.com/lezioni-inglesi/esercizi/1/2/l-infinito;20;90077;0;0e13c1bd-dc16-41b2-8f03-c46987a43f16;1583;"|david and janet are not at the cinema. they are at home.|my pc is not old. it is new.|are you thin or fat ?|my name is not bill. it is billy.|she is not english. she is french|roland and i are not friends. we are brothers.";grammar_exercise;74
12121;"2021-01-03 19:36:01";96b01047ecd402f50b80e0237f0b8a05;https://www.esercizinglese.com/lezioni-inglesi/esercizi/1/3/l-infinito;22;90077;0;0e13c1bd-dc16-41b2-8f03-c46987a43f16;1583;"|i have many things to do|i take the umbrella with me to get wet|don't use my cell phone to call your friends!|at 9 pm i will be ready to go out.|i am not in england to waste tume, but to improve my english.|to be or not to be, that is the question.|are you planning to go to the beach this weekend ?|we decided to buy a house for this year. maybe we will buy it next year.|do you like food from mcdonald's? -yes, but today it's better i don't eat junk food.";grammar_exercise;1
12322;"2021-01-03 19:45:58";3df8b86a8bf59cc0e4f796da2cc216fc;https://www.esercizinglese.com/lezioni-inglesi/esercizi/19/1/il-simple-present;21;90082;0;41623f26-b5eb-49af-96f9-50cf62777401;1903;|speaks|lives|knowes|does|matches|play|likes|payes|passes;grammar_exercise;50
13043;"2021-01-03 20:30:03";2d07c8974816cc3b397fda000b0232a2;https://www.esercizinglese.com/audio/libri/esercizi/moby-dick/1135;7;90086;0;4693f674-a5e5-49c0-b061-4cb25568bace;1263;"call me irishmale. some years ago, never mind how long percisingly.";audio_exercise;82
13056;"2021-01-03 20:31:09";2d07c8974816cc3b397fda000b0232a2;https://www.esercizinglese.com/audio/libri/esercizi/moby-dick/1136;9;90086;0;4693f674-a5e5-49c0-b061-4cb25568bace;1263;" having little or no money in my pourse, and nothing particular to interest me on shore.";audio_exercise;94
13084;"2021-01-03 20:32:24";2d07c8974816cc3b397fda000b0232a2;https://www.esercizinglese.com/audio/libri/esercizi/moby-dick/1138;11;90086;0;4693f674-a5e5-49c0-b061-4cb25568bace;1263;"it is the way i have a driving off the spleen and regulating the circulation.";audio_exercise;87
13111;"2021-01-03 20:34:07";2d07c8974816cc3b397fda000b0232a2;https://www.esercizinglese.com/audio/libri/esercizi/moby-dick/1141;13;90086;0;4693f674-a5e5-49c0-b061-4cb25568bace;1263;"whenever i found myself involuterely posing before coffin warehouses, and bringing up the rear of every funeral i meet";audio_exercise;84
13171;"2021-01-03 20:37:10";b8e89c3b5cef362a463ebaf35acb48b5;https://www.esercizinglese.com/lezioni-inglesi/esercizi/61/1/pronomi-relativi;44;89810;1;95c17c45-8547-4b52-b784-4f0fb05019d3;1349;|who|whose|which|whose|x|which|which|who|which;grammar_exercise;80
13286;"2021-01-03 20:44:12";2d07c8974816cc3b397fda000b0232a2;https://www.esercizinglese.com/traduzioni/testi-in-inglese/esercizi/en-it/101;33;90086;0;4693f674-a5e5-49c0-b061-4cb25568bace;1263;"storia. agli inizi degli anni '80, i medici di los angeles, new york e san francisco iniziarono a vedere dei giovani di sesso maschile con la sagoma di kaposi, un  tumore associato a uomini anziani dell'etnica meditterranea.";translate_exercise;78
13328;"2021-01-03 20:46:05";d5207c144652e73ed5b186a1f48a8c6a;https://www.esercizinglese.com/lezioni-inglesi/esercizi-crocette/24/1/l-uso-dell-articolo-determinat;8;88971;0;6b9bac5f-82fe-4752-9b7b-42d4eaab077d;1263;2|1|3|2|4|3|1|2;grammar_exercise;62
13360;"2021-01-03 20:47:40";2d07c8974816cc3b397fda000b0232a2;https://www.esercizinglese.com/traduzioni/testi-in-inglese/esercizi/it-en/385;42;90086;0;4693f674-a5e5-49c0-b061-4cb25568bace;1263;"it interests all the variations of english used within the uk, including england, scottland, north ireland, and walles.";translate_exercise;72
13376;"2021-01-03 20:48:22";b8e89c3b5cef362a463ebaf35acb48b5;https://www.esercizinglese.com/lezioni-inglesi/esercizi/61/2/pronomi-relativi;46;89810;1;95c17c45-8547-4b52-b784-4f0fb05019d3;1349;"|dont eat the apple which is poisonous.|im challenging the boy to a bowling match whose record is 225.|the man who shouted in the garden is not my brother|the scottish pub whose owner is from scotland is next to the right .";grammar_exercise;68
13399;"2021-01-03 20:49:35";2d07c8974816cc3b397fda000b0232a2;https://www.esercizinglese.com/traduzioni/testi-in-inglese/esercizi/it-en/386;45;90086;0;4693f674-a5e5-49c0-b061-4cb25568bace;1263;"there is no formal definition of british english other than it is english as used in the united kindom.";translate_exercise;70
13436;"2021-01-03 20:51:36";b8e89c3b5cef362a463ebaf35acb48b5;https://www.esercizinglese.com/lezioni-inglesi/esercizi/61/3/pronomi-relativi;48;89810;1;95c17c45-8547-4b52-b784-4f0fb05019d3;1349;|whose|whose|where|that|which|whom|where|which;grammar_exercise;67
13457;"2021-01-03 20:53:04";2d07c8974816cc3b397fda000b0232a2;https://www.esercizinglese.com/traduzioni/testi-in-inglese/esercizi/it-en/389;47;90086;0;4693f674-a5e5-49c0-b061-4cb25568bace;1263;"as a result there is a   variety in grammar, using,  spelling, and vocabulary within english as used in the uk, and these can be likely idiomatic uses of the language.";translate_exercise;53
13511;"2021-01-03 20:56:59";2d07c8974816cc3b397fda000b0232a2;https://www.esercizinglese.com/traduzioni/testi-in-inglese/esercizi/it-en/393;49;90086;0;4693f674-a5e5-49c0-b061-4cb25568bace;1263;"the written form of the language, as taught in schools, is universality commonwealth english with a slight emphasis on a few words that might be more common in some areas than in others.";translate_exercise;97
13649;"2021-01-03 21:06:58";b8e89c3b5cef362a463ebaf35acb48b5;https://www.esercizinglese.com/lezioni-inglesi/esercizi/62/1/il-periodo-ipotetico;52;89810;1;95c17c45-8547-4b52-b784-4f0fb05019d3;1349;"|will pass|wait|will ask|win|will fly|go|will listen|forgot|will give";grammar_exercise;70
13657;"2021-01-03 21:07:36";6962028ce27d91b77d796b57d3bb15c1;https://www.esercizinglese.com/lezioni-inglesi/esercizi/19/7/il-simple-present;8;90078;0;20480351-29dc-472e-9cc3-5e427c5d6fdd;1080;"|am |am |have |have |am |loves |was |is |";grammar_exercise;30
13680;"2021-01-03 21:09:29";6962028ce27d91b77d796b57d3bb15c1;https://www.esercizinglese.com/lezioni-inglesi/esercizi/19/2/il-simple-present;10;90078;0;20480351-29dc-472e-9cc3-5e427c5d6fdd;1080;"|begin|says |do really want you|dont have |visit |eat |feel |walk |listens ";grammar_exercise;85
13760;"2021-01-03 21:13:18";6962028ce27d91b77d796b57d3bb15c1;https://www.esercizinglese.com/lezioni-inglesi/esercizi/19/6/il-simple-present;12;90078;0;20480351-29dc-472e-9cc3-5e427c5d6fdd;1080;"|we dont go to the church sundays |the trains doesnt leaves at 11 a.m.|george an she dont go to the disco|the dog doesnt plays with its toy |they dont are my family friends |mary doesnt gets the bus at 4 in the afternoon |his wife doesnt washes the dishes |mrs. lloyd doesnt teaches eanglish and german ";grammar_exercise;67
14132;"2021-01-03 21:35:46";2d07c8974816cc3b397fda000b0232a2;https://www.esercizinglese.com/traduzioni/pet/esercizi/en-it/5/able;67;90086;0;4693f674-a5e5-49c0-b061-4cb25568bace;1263;"lui pu uscire di casa.";translate_exercise;80
14145;"2021-01-03 21:36:28";2d07c8974816cc3b397fda000b0232a2;https://www.esercizinglese.com/traduzioni/pet/esercizi/en-it/6/about;69;90086;0;4693f674-a5e5-49c0-b061-4cb25568bace;1263;"c'erano circa quindici persone nel nostro viaggio.";translate_exercise;88
14174;"2021-01-03 21:38:05";2d07c8974816cc3b397fda000b0232a2;https://www.esercizinglese.com/traduzioni/pet/esercizi/en-it/9/above;73;90086;0;4693f674-a5e5-49c0-b061-4cb25568bace;1263;"ha appeso un quadro sopra il caminetto.";translate_exercise;100
14191;"2021-01-03 21:39:11";2d07c8974816cc3b397fda000b0232a2;https://www.esercizinglese.com/traduzioni/pet/esercizi/en-it/13/absent;75;90086;0;4693f674-a5e5-49c0-b061-4cb25568bace;1263;"ieri notte, durante il dibattito sull' orale il consiglio era assente.";translate_exercise;83
14204;"2021-01-03 21:39:40";2d07c8974816cc3b397fda000b0232a2;https://www.esercizinglese.com/traduzioni/pet/esercizi/en-it/17/accept;77;90086;0;4693f674-a5e5-49c0-b061-4cb25568bace;1263;"lei ha accettato la spiegazione.";translate_exercise;100
14440;"2021-01-03 21:53:44";2d07c8974816cc3b397fda000b0232a2;https://www.esercizinglese.com/traduzioni/brani-facili/esercizi/en-it/61/1-backpack;95;90086;0;4693f674-a5e5-49c0-b061-4cb25568bace;1263;"la tua amica ha dimenticato qui la sua borsa.";translate_exercise;67
14453;"2021-01-03 21:54:16";2d07c8974816cc3b397fda000b0232a2;https://www.esercizinglese.com/traduzioni/brani-facili/esercizi/en-it/73/1-bag;97;90086;0;4693f674-a5e5-49c0-b061-4cb25568bace;1263;"abbiamo portato tre sacche di patate.";translate_exercise;67
14471;"2021-01-03 21:55:19";2d07c8974816cc3b397fda000b0232a2;https://www.esercizinglese.com/traduzioni/brani-facili/esercizi/en-it/191/1-belt;99;90086;0;4693f674-a5e5-49c0-b061-4cb25568bace;1263;"scusate per la brusca frenata gente ma spero che abbiate allacciato le cinture.";translate_exercise;100
14483;"2021-01-03 21:55:59";2d07c8974816cc3b397fda000b0232a2;https://www.esercizinglese.com/traduzioni/brani-facili/esercizi/en-it/303/1-boot;101;90086;0;4693f674-a5e5-49c0-b061-4cb25568bace;1263;"il mio vecchio mi ha dato questi stivali.";translate_exercise;100
14497;"2021-01-03 21:56:32";2d07c8974816cc3b397fda000b0232a2;https://www.esercizinglese.com/traduzioni/brani-facili/esercizi/en-it/304/1-boot;103;90086;0;4693f674-a5e5-49c0-b061-4cb25568bace;1263;"non ha guardato nel bagagliaio della macchina.";translate_exercise;100
14510;"2021-01-03 21:57:04";2d07c8974816cc3b397fda000b0232a2;https://www.esercizinglese.com/traduzioni/brani-facili/esercizi/en-it/333/1-bracelet;105;90086;0;4693f674-a5e5-49c0-b061-4cb25568bace;1263;"ho comprato questo braccialetto da martin.";translate_exercise;100
14526;"2021-01-03 21:57:43";2d07c8974816cc3b397fda000b0232a2;https://www.esercizinglese.com/traduzioni/brani-facili/esercizi/en-it/334/1-bracelet;107;90086;0;4693f674-a5e5-49c0-b061-4cb25568bace;1263;" un bracialetto che ho trovato scartando.";translate_exercise;20
